Year,Site_code,Species,TotalBirds,Relative Abund Index,Season
2015,PC-01,BEWR,2,0.5,Nonbreeding
2015,PC-01,BGGN,1,0.25,Nonbreeding
2015,PC-01,BUSH,10,2.5,Nonbreeding
2015,PC-01,CAQU,1,0.25,Nonbreeding
2015,PC-01,HAWO,2,0.5,Nonbreeding
2015,PC-01,HOFI,12,3,Nonbreeding
2015,PC-01,MODO,1,0.25,Nonbreeding
2015,PC-01,RCKI,1,0.25,Nonbreeding
2015,PC-01,SOSP,1,0.25,Nonbreeding
2015,PC-01,YRWA,9,2.25,Nonbreeding
2015,PC-02,AMGO,2,0.5,Nonbreeding
2015,PC-02,ANHU,1,0.25,Nonbreeding
2015,PC-02,BUSH,3,0.75,Nonbreeding
2015,PC-02,CASJ,4,1,Nonbreeding
2015,PC-02,GBHE,1,0.25,Nonbreeding
2015,PC-02,HAWO,1,0.25,Nonbreeding
2015,PC-02,HETH,1,0.25,Nonbreeding
2015,PC-02,HOFI,2,0.5,Nonbreeding
2015,PC-02,HOWR,1,0.25,Nonbreeding
2015,PC-02,NOFL,1,0.25,Nonbreeding
2015,PC-02,NUWO,1,0.25,Nonbreeding
2015,PC-02,UNHU,1,0.25,Nonbreeding
2015,PC-02,YRWA,14,3.5,Nonbreeding
2015,PC-03,AMGO,1,0.25,Nonbreeding
2015,PC-03,BEWR,1,0.25,Nonbreeding
2015,PC-03,BUSH,6,1.5,Nonbreeding
2015,PC-03,COHA,1,0.25,Nonbreeding
2015,PC-03,COYE,1,0.25,Nonbreeding
2015,PC-03,HETH,1,0.25,Nonbreeding
2015,PC-03,LEGO,4,1,Nonbreeding
2015,PC-03,RCKI,1,0.25,Nonbreeding
2015,PC-03,SOSP,4,1,Nonbreeding
2015,PC-03,WREN,2,0.5,Nonbreeding
2015,PC-03,YRWA,4,1,Nonbreeding
2015,PC-04,ANHU,4,1,Nonbreeding
2015,PC-04,BEWR,2,0.5,Nonbreeding
2015,PC-04,BGGN,2,0.5,Nonbreeding
2015,PC-04,BLPH,1,0.25,Nonbreeding
2015,PC-04,BRBL,7,1.75,Nonbreeding
2015,PC-04,COYE,4,1,Nonbreeding
2015,PC-04,HOWR,1,0.25,Nonbreeding
2015,PC-04,LEGO,2,0.5,Nonbreeding
2015,PC-04,RWBL,1,0.25,Nonbreeding
2015,PC-04,WREN,3,0.75,Nonbreeding
2015,PC-04,YRWA,8,2,Nonbreeding
2015,PC-05,AMGO,1,0.25,Nonbreeding
2015,PC-05,BEWR,1,0.25,Nonbreeding
2015,PC-05,BGGN,1,0.25,Nonbreeding
2015,PC-05,BTYW,3,0.75,Nonbreeding
2015,PC-05,BUSH,15,3.75,Nonbreeding
2015,PC-05,COYE,6,1.5,Nonbreeding
2015,PC-05,HAWO,2,0.5,Nonbreeding
2015,PC-05,HETH,2,0.5,Nonbreeding
2015,PC-05,HOFI,1,0.25,Nonbreeding
2015,PC-05,HUVI,1,0.25,Nonbreeding
2015,PC-05,RCKI,1,0.25,Nonbreeding
2015,PC-05,SOSP,1,0.25,Nonbreeding
2015,PC-05,SPTO,1,0.25,Nonbreeding
2015,PC-05,UNWO,2,0.5,Nonbreeding
2015,PC-05,WREN,1,0.25,Nonbreeding
2015,PC-05,YRWA,11,2.75,Nonbreeding
2015,PC-06,ANHU,2,0.5,Nonbreeding
2015,PC-06,BEWR,1,0.25,Nonbreeding
2015,PC-06,BLPH,1,0.25,Nonbreeding
2015,PC-06,COYE,3,0.75,Nonbreeding
2015,PC-06,DOWO,1,0.25,Nonbreeding
2015,PC-06,HETH,1,0.25,Nonbreeding
2015,PC-06,HOFI,2,0.5,Nonbreeding
2015,PC-06,HUVI,1,0.25,Nonbreeding
2015,PC-06,NOFL,1,0.25,Nonbreeding
2015,PC-06,RCKI,1,0.25,Nonbreeding
2015,PC-06,UNVI,1,0.25,Nonbreeding
2015,PC-06,WEBL,6,1.5,Nonbreeding
2015,PC-06,WREN,4,1,Nonbreeding
2015,PC-06,YRWA,4,1,Nonbreeding
2015,PC-07,ACWO,1,0.25,Nonbreeding
2015,PC-07,AMGO,1,0.25,Nonbreeding
2015,PC-07,ANHU,3,0.75,Nonbreeding
2015,PC-07,BGGN,1,0.25,Nonbreeding
2015,PC-07,BUSH,1,0.25,Nonbreeding
2015,PC-07,CAQU,4,1,Nonbreeding
2015,PC-07,CASJ,5,1.25,Nonbreeding
2015,PC-07,COYE,1,0.25,Nonbreeding
2015,PC-07,HETH,1,0.25,Nonbreeding
2015,PC-07,HOFI,2,0.5,Nonbreeding
2015,PC-07,HUVI,2,0.5,Nonbreeding
2015,PC-07,LEGO,1,0.25,Nonbreeding
2015,PC-07,NOFL,1,0.25,Nonbreeding
2015,PC-07,NUWO,1,0.25,Nonbreeding
2015,PC-07,OATI,1,0.25,Nonbreeding
2015,PC-07,PSFL,1,0.25,Nonbreeding
2015,PC-07,PUFI,1,0.25,Nonbreeding
2015,PC-07,RCKI,2,0.5,Nonbreeding
2015,PC-07,SPTO,3,0.75,Nonbreeding
2015,PC-07,WREN,2,0.5,Nonbreeding
2015,PC-07,YRWA,4,1,Nonbreeding
2015,PC-08,ACWO,1,0.25,Nonbreeding
2015,PC-08,AMGO,1,0.25,Nonbreeding
2015,PC-08,AMRO,1,0.25,Nonbreeding
2015,PC-08,ANHU,1,0.25,Nonbreeding
2015,PC-08,BEWR,2,0.5,Nonbreeding
2015,PC-08,BGGN,1,0.25,Nonbreeding
2015,PC-08,BRBL,1,0.25,Nonbreeding
2015,PC-08,BUSH,43,10.75,Nonbreeding
2015,PC-08,CASJ,2,0.5,Nonbreeding
2015,PC-08,COYE,1,0.25,Nonbreeding
2015,PC-08,DOWO,1,0.25,Nonbreeding
2015,PC-08,HETH,1,0.25,Nonbreeding
2015,PC-08,HOFI,1,0.25,Nonbreeding
2015,PC-08,HUVI,2,0.5,Nonbreeding
2015,PC-08,NOFL,1,0.25,Nonbreeding
2015,PC-08,SOSP,1,0.25,Nonbreeding
2015,PC-08,SPTO,1,0.25,Nonbreeding
2015,PC-08,YRWA,1,0.25,Nonbreeding
2015,PC-09,ANHU,2,0.5,Nonbreeding
2015,PC-09,BEWR,2,0.5,Nonbreeding
2015,PC-09,BGGN,1,0.25,Nonbreeding
2015,PC-09,BLPH,2,0.5,Nonbreeding
2015,PC-09,CAVI,1,0.25,Nonbreeding
2015,PC-09,COHA,1,0.25,Nonbreeding
2015,PC-09,COYE,1,0.25,Nonbreeding
2015,PC-09,DOWO,1,0.25,Nonbreeding
2015,PC-09,HAWO,2,0.5,Nonbreeding
2015,PC-09,HUVI,2,0.5,Nonbreeding
2015,PC-09,NUWO,1,0.25,Nonbreeding
2015,PC-09,RCKI,2,0.5,Nonbreeding
2015,PC-09,RSHA,1,0.25,Nonbreeding
2015,PC-10,AMGO,1,0.25,Nonbreeding
2015,PC-10,ANHU,2,0.5,Nonbreeding
2015,PC-10,CORA,2,0.5,Nonbreeding
2015,PC-10,NOFL,1,0.25,Nonbreeding
2015,PC-10,RCKI,1,0.25,Nonbreeding
2015,PC-10,SPTO,1,0.25,Nonbreeding
2015,PC-10,UNWA,1,0.25,Nonbreeding
2015,PC-10,YRWA,2,0.5,Nonbreeding
2015,PC-11,AMGO,1,0.25,Nonbreeding
2015,PC-11,ANHU,3,0.75,Nonbreeding
2015,PC-11,BEWR,2,0.5,Nonbreeding
2015,PC-11,HAWO,1,0.25,Nonbreeding
2015,PC-11,HOFI,4,1,Nonbreeding
2015,PC-11,RCKI,1,0.25,Nonbreeding
2015,PC-11,YRWA,1,0.25,Nonbreeding
2015,PC-12,ANHU,1,0.25,Nonbreeding
2015,PC-12,BEWR,1,0.25,Nonbreeding
2015,PC-12,BGGN,1,0.25,Nonbreeding
2015,PC-12,CATH,1,0.25,Nonbreeding
2015,PC-12,COYE,4,1,Nonbreeding
2015,PC-12,FOSP,1,0.25,Nonbreeding
2015,PC-12,HAWO,1,0.25,Nonbreeding
2015,PC-12,HETH,3,0.75,Nonbreeding
2015,PC-12,HOWR,1,0.25,Nonbreeding
2015,PC-12,HUVI,1,0.25,Nonbreeding
2015,PC-12,NOFL,1,0.25,Nonbreeding
2015,PC-12,NUWO,1,0.25,Nonbreeding
2015,PC-12,OATI,1,0.25,Nonbreeding
2015,PC-12,RCKI,3,0.75,Nonbreeding
2015,PC-12,SOSP,2,0.5,Nonbreeding
2015,PC-12,SPTO,2,0.5,Nonbreeding
2015,PC-12,WREN,1,0.25,Nonbreeding
2015,PC-12,YRWA,1,0.25,Nonbreeding
2015,PC-13,AMGO,2,0.5,Nonbreeding
2015,PC-13,AMRO,1,0.25,Nonbreeding
2015,PC-13,ANHU,1,0.25,Nonbreeding
2015,PC-13,BEWR,2,0.5,Nonbreeding
2015,PC-13,BLPH,1,0.25,Nonbreeding
2015,PC-13,BUSH,2,0.5,Nonbreeding
2015,PC-13,COYE,2,0.5,Nonbreeding
2015,PC-13,HETH,1,0.25,Nonbreeding
2015,PC-13,HOFI,3,0.75,Nonbreeding
2015,PC-13,HUVI,2,0.5,Nonbreeding
2015,PC-13,NOFL,1,0.25,Nonbreeding
2015,PC-13,RCKI,3,0.75,Nonbreeding
2015,PC-13,SWTH,2,0.5,Nonbreeding
2015,PC-13,UNHU,1,0.25,Nonbreeding
2015,PC-13,USHU,1,0.25,Nonbreeding
2015,PC-13,WEBL,4,1,Nonbreeding
2015,PC-13,YRWA,1,0.25,Nonbreeding
2015,PC-14,AMCR,4,1,Nonbreeding
2015,PC-14,AMGO,2,0.5,Nonbreeding
2015,PC-14,AMRO,1,0.25,Nonbreeding
2015,PC-14,ANHU,1,0.25,Nonbreeding
2015,PC-14,BEWR,2,0.5,Nonbreeding
2015,PC-14,BUSH,12,3,Nonbreeding
2015,PC-14,CASJ,1,0.25,Nonbreeding
2015,PC-14,HAWO,4,1,Nonbreeding
2015,PC-14,HOFI,1,0.25,Nonbreeding
2015,PC-14,NOFL,1,0.25,Nonbreeding
2015,PC-14,RCKI,5,1.25,Nonbreeding
2015,PC-14,SOSP,3,0.75,Nonbreeding
2015,PC-14,WREN,1,0.25,Nonbreeding
2015,PC-14,YRWA,4,1,Nonbreeding
2015,PC-15,AMGO,1,0.25,Nonbreeding
2015,PC-15,AMRO,1,0.25,Nonbreeding
2015,PC-15,BGGN,1,0.25,Nonbreeding
2015,PC-15,BLPH,1,0.25,Nonbreeding
2015,PC-15,BRBL,3,0.75,Nonbreeding
2015,PC-15,BUSH,7,1.75,Nonbreeding
2015,PC-15,CAKI,1,0.25,Nonbreeding
2015,PC-15,CASJ,1,0.25,Nonbreeding
2015,PC-15,DOWO,1,0.25,Nonbreeding
2015,PC-15,HOFI,9,2.25,Nonbreeding
2015,PC-15,MODO,2,0.5,Nonbreeding
2015,PC-15,NUWO,1,0.25,Nonbreeding
2015,PC-15,RCKI,2,0.5,Nonbreeding
2015,PC-15,SAPH,1,0.25,Nonbreeding
2015,PC-15,SAVS,8,2,Nonbreeding
2015,PC-15,SOSP,3,0.75,Nonbreeding
2015,PC-15,UNWA,1,0.25,Nonbreeding
2015,PC-15,WCSP,2,0.5,Nonbreeding
2015,PC-15,WEBL,1,0.25,Nonbreeding
2015,PC-15,WREN,1,0.25,Nonbreeding
2015,PC-15,YRWA,3,0.75,Nonbreeding
2016,PC-01,AMGO,1,0.25,Nonbreeding
2016,PC-01,ANHU,2,0.5,Nonbreeding
2016,PC-01,CALT,1,0.25,Nonbreeding
2016,PC-01,HAWO,1,0.25,Nonbreeding
2016,PC-01,HOFI,1,0.25,Nonbreeding
2016,PC-01,HUVI,1,0.25,Nonbreeding
2016,PC-01,NOFL,1,0.25,Nonbreeding
2016,PC-01,RCKI,1,0.25,Nonbreeding
2016,PC-01,UNWO,1,0.25,Nonbreeding
2016,PC-01,WREN,1,0.25,Nonbreeding
2016,PC-01,YRWA,16,4,Nonbreeding
2016,PC-02,ANHU,1,0.25,Nonbreeding
2016,PC-02,BEWR,4,1,Nonbreeding
2016,PC-02,BGGN,1,0.25,Nonbreeding
2016,PC-02,BRBL,6,1.5,Nonbreeding
2016,PC-02,HOFI,1,0.25,Nonbreeding
2016,PC-02,HOWR,1,0.25,Nonbreeding
2016,PC-02,LEGO,1,0.25,Nonbreeding
2016,PC-02,RCKI,2,0.5,Nonbreeding
2016,PC-02,WREN,1,0.25,Nonbreeding
2016,PC-02,YRWA,24,6,Nonbreeding
2016,PC-03,AMGO,1,0.25,Nonbreeding
2016,PC-03,ANHU,2,0.5,Nonbreeding
2016,PC-03,BEWR,1,0.25,Nonbreeding
2016,PC-03,NONE,0,0,Nonbreeding
2016,PC-03,UNWA,1,0.25,Nonbreeding
2016,PC-03,YRWA,2,0.5,Nonbreeding
2016,PC-04,ANHU,3,0.75,Nonbreeding
2016,PC-04,BEWR,2,0.5,Nonbreeding
2016,PC-04,BLPH,1,0.25,Nonbreeding
2016,PC-04,BUSH,2,0.5,Nonbreeding
2016,PC-04,CASJ,3,0.75,Nonbreeding
2016,PC-04,COYE,4,1,Nonbreeding
2016,PC-04,HAWO,1,0.25,Nonbreeding
2016,PC-04,LEGO,1,0.25,Nonbreeding
2016,PC-04,NOFL,1,0.25,Nonbreeding
2016,PC-04,NUWO,1,0.25,Nonbreeding
2016,PC-04,RTHA,1,0.25,Nonbreeding
2016,PC-04,SAPH,2,0.5,Nonbreeding
2016,PC-04,SOSP,3,0.75,Nonbreeding
2016,PC-04,SPTO,1,0.25,Nonbreeding
2016,PC-04,UNHU,1,0.25,Nonbreeding
2016,PC-04,WCSP,3,0.75,Nonbreeding
2016,PC-04,WREN,2,0.5,Nonbreeding
2016,PC-04,YRWA,5,1.25,Nonbreeding
2016,PC-05,AMGO,4,1,Nonbreeding
2016,PC-05,ANHU,1,0.25,Nonbreeding
2016,PC-05,BEWR,1,0.25,Nonbreeding
2016,PC-05,BRBL,1,0.25,Nonbreeding
2016,PC-05,CASJ,2,0.5,Nonbreeding
2016,PC-05,COHA,1,0.25,Nonbreeding
2016,PC-05,DOWO,2,0.5,Nonbreeding
2016,PC-05,HAWO,1,0.25,Nonbreeding
2016,PC-05,HOFI,2,0.5,Nonbreeding
2016,PC-05,HUVI,2,0.5,Nonbreeding
2016,PC-05,NOFL,1,0.25,Nonbreeding
2016,PC-05,NUWO,2,0.5,Nonbreeding
2016,PC-05,PSFL,1,0.25,Nonbreeding
2016,PC-05,PUFI,1,0.25,Nonbreeding
2016,PC-05,RCKI,1,0.25,Nonbreeding
2016,PC-05,WREN,5,1.25,Nonbreeding
2016,PC-05,YRWA,10,2.5,Nonbreeding
2016,PC-06,ANHU,2,0.5,Nonbreeding
2016,PC-06,BEWR,2,0.5,Nonbreeding
2016,PC-06,CASJ,2,0.5,Nonbreeding
2016,PC-06,HAWO,2,0.5,Nonbreeding
2016,PC-06,HETH,1,0.25,Nonbreeding
2016,PC-06,HOFI,3,0.75,Nonbreeding
2016,PC-06,HUVI,1,0.25,Nonbreeding
2016,PC-06,RCKI,2,0.5,Nonbreeding
2016,PC-06,WREN,1,0.25,Nonbreeding
2016,PC-06,YRWA,11,2.75,Nonbreeding
2016,PC-07,ACWO,1,0.25,Nonbreeding
2016,PC-07,ANHU,3,0.75,Nonbreeding
2016,PC-07,BUSH,5,1.25,Nonbreeding
2016,PC-07,CASJ,4,1,Nonbreeding
2016,PC-07,COHA,1,0.25,Nonbreeding
2016,PC-07,COYE,3,0.75,Nonbreeding
2016,PC-07,HAWO,1,0.25,Nonbreeding
2016,PC-07,HETH,2,0.5,Nonbreeding
2016,PC-07,HOFI,4,1,Nonbreeding
2016,PC-07,HOWR,1,0.25,Nonbreeding
2016,PC-07,HUVI,2,0.5,Nonbreeding
2016,PC-07,OATI,1,0.25,Nonbreeding
2016,PC-07,RCKI,2,0.5,Nonbreeding
2016,PC-07,SOSP,1,0.25,Nonbreeding
2016,PC-07,SPTO,3,0.75,Nonbreeding
2016,PC-07,YRWA,6,1.5,Nonbreeding
2016,PC-08,ACWO,1,0.25,Nonbreeding
2016,PC-08,AMRO,3,0.75,Nonbreeding
2016,PC-08,BLPH,1,0.25,Nonbreeding
2016,PC-08,CASJ,2,0.5,Nonbreeding
2016,PC-08,HOFI,1,0.25,Nonbreeding
2016,PC-08,SOSP,1,0.25,Nonbreeding
2016,PC-08,UNSP,1,0.25,Nonbreeding
2016,PC-08,WREN,1,0.25,Nonbreeding
2016,PC-08,YRWA,1,0.25,Nonbreeding
2016,PC-09,AMGO,1,0.25,Nonbreeding
2016,PC-09,BEWR,3,0.75,Nonbreeding
2016,PC-09,CALT,1,0.25,Nonbreeding
2016,PC-09,COHA,1,0.25,Nonbreeding
2016,PC-09,DOWO,1,0.25,Nonbreeding
2016,PC-09,HAWO,2,0.5,Nonbreeding
2016,PC-09,NUWO,1,0.25,Nonbreeding
2016,PC-09,RCKI,4,1,Nonbreeding
2016,PC-09,RTHA,1,0.25,Nonbreeding
2016,PC-10,HOFI,1,0.25,Nonbreeding
2016,PC-10,NONE,0,0,Nonbreeding
2016,PC-10,NUWO,1,0.25,Nonbreeding
2016,PC-10,RCKI,1,0.25,Nonbreeding
2016,PC-10,YRWA,3,0.75,Nonbreeding
2016,PC-11,BEWR,1,0.25,Nonbreeding
2016,PC-11,COYE,1,0.25,Nonbreeding
2016,PC-11,HOFI,1,0.25,Nonbreeding
2016,PC-11,KILL,2,0.5,Nonbreeding
2016,PC-11,NONE,0,0,Nonbreeding
2016,PC-11,SPTO,1,0.25,Nonbreeding
2016,PC-11,UNSP,1,0.25,Nonbreeding
2016,PC-11,YRWA,2,0.5,Nonbreeding
2016,PC-12,ANHU,1,0.25,Nonbreeding
2016,PC-12,BEWR,2,0.5,Nonbreeding
2016,PC-12,CATH,1,0.25,Nonbreeding
2016,PC-12,COYE,2,0.5,Nonbreeding
2016,PC-12,HAWO,2,0.5,Nonbreeding
2016,PC-12,HETH,3,0.75,Nonbreeding
2016,PC-12,NOFL,1,0.25,Nonbreeding
2016,PC-12,NUWO,2,0.5,Nonbreeding
2016,PC-12,RCKI,1,0.25,Nonbreeding
2016,PC-12,WCSP,3,0.75,Nonbreeding
2016,PC-12,WEBL,1,0.25,Nonbreeding
2016,PC-12,YRWA,2,0.5,Nonbreeding
2016,PC-13,AMCR,1,0.25,Nonbreeding
2016,PC-13,AMGO,3,0.75,Nonbreeding
2016,PC-13,BEWR,3,0.75,Nonbreeding
2016,PC-13,HETH,1,0.25,Nonbreeding
2016,PC-13,HOFI,1,0.25,Nonbreeding
2016,PC-13,HOWR,1,0.25,Nonbreeding
2016,PC-13,LEGO,1,0.25,Nonbreeding
2016,PC-13,MODO,2,0.5,Nonbreeding
2016,PC-13,NOFL,1,0.25,Nonbreeding
2016,PC-13,OATI,1,0.25,Nonbreeding
2016,PC-13,RCKI,2,0.5,Nonbreeding
2016,PC-13,UNWO,1,0.25,Nonbreeding
2016,PC-13,YRWA,2,0.5,Nonbreeding
2016,PC-14,AMCR,2,0.5,Nonbreeding
2016,PC-14,AMGO,3,0.75,Nonbreeding
2016,PC-14,ANHU,1,0.25,Nonbreeding
2016,PC-14,BUSH,10,2.5,Nonbreeding
2016,PC-14,COHA,1,0.25,Nonbreeding
2016,PC-14,HAWO,1,0.25,Nonbreeding
2016,PC-14,HOFI,2,0.5,Nonbreeding
2016,PC-14,MODO,2,0.5,Nonbreeding
2016,PC-14,RCKI,2,0.5,Nonbreeding
2016,PC-14,RTHA,1,0.25,Nonbreeding
2016,PC-14,SAPH,1,0.25,Nonbreeding
2016,PC-14,SOSP,1,0.25,Nonbreeding
2016,PC-14,UNHU,1,0.25,Nonbreeding
2016,PC-14,UNSP,1,0.25,Nonbreeding
2016,PC-14,WCSP,2,0.5,Nonbreeding
2016,PC-14,WEBL,7,1.75,Nonbreeding
2016,PC-14,YRWA,3,0.75,Nonbreeding
2016,PC-15,AMCR,1,0.25,Nonbreeding
2016,PC-15,AMRO,1,0.25,Nonbreeding
2016,PC-15,BRBL,1,0.25,Nonbreeding
2016,PC-15,BUSH,10,2.5,Nonbreeding
2016,PC-15,CASJ,2,0.5,Nonbreeding
2016,PC-15,COHA,1,0.25,Nonbreeding
2016,PC-15,EUST,1,0.25,Nonbreeding
2016,PC-15,HAWO,1,0.25,Nonbreeding
2016,PC-15,HOFI,15,3.75,Nonbreeding
2016,PC-15,MODO,12,3,Nonbreeding
2016,PC-15,NUWO,2,0.5,Nonbreeding
2016,PC-15,RCKI,1,0.25,Nonbreeding
2016,PC-15,RTHA,1,0.25,Nonbreeding
2016,PC-15,RWBL,1,0.25,Nonbreeding
2016,PC-15,SOSP,3,0.75,Nonbreeding
2016,PC-15,SPTO,1,0.25,Nonbreeding
2016,PC-15,WCSP,2,0.5,Nonbreeding
2016,PC-15,WEBL,3,0.75,Nonbreeding
2016,PC-15,YRWA,4,1,Nonbreeding
2017,PC-01,AMGO,2,0.5,Nonbreeding
2017,PC-01,ANHU,1,0.25,Nonbreeding
2017,PC-01,BEWR,2,0.5,Nonbreeding
2017,PC-01,BGGN,1,0.25,Nonbreeding
2017,PC-01,BUSH,3,0.75,Nonbreeding
2017,PC-01,HAWO,2,0.5,Nonbreeding
2017,PC-01,HETH,4,1,Nonbreeding
2017,PC-01,NOFL,1,0.25,Nonbreeding
2017,PC-01,RCKI,2,0.5,Nonbreeding
2017,PC-01,SOSP,1,0.25,Nonbreeding
2017,PC-01,WCSP,2,0.5,Nonbreeding
2017,PC-01,YRWA,19,4.75,Nonbreeding
2017,PC-02,ANHU,2,0.5,Nonbreeding
2017,PC-02,BEWR,2,0.5,Nonbreeding
2017,PC-02,BGGN,1,0.25,Nonbreeding
2017,PC-02,GCSP,1,0.25,Nonbreeding
2017,PC-02,GREG,1,0.25,Nonbreeding
2017,PC-02,HAWO,1,0.25,Nonbreeding
2017,PC-02,HOFI,1,0.25,Nonbreeding
2017,PC-02,LEGO,1,0.25,Nonbreeding
2017,PC-02,NOMO,1,0.25,Nonbreeding
2017,PC-02,RCKI,1,0.25,Nonbreeding
2017,PC-02,SOSP,2,0.5,Nonbreeding
2017,PC-02,WCSP,1,0.25,Nonbreeding
2017,PC-02,YRWA,22,5.5,Nonbreeding
2017,PC-03,AMGO,1,0.25,Nonbreeding
2017,PC-03,BEWR,1,0.25,Nonbreeding
2017,PC-03,BTYW,1,0.25,Nonbreeding
2017,PC-03,COYE,2,0.5,Nonbreeding
2017,PC-03,HETH,1,0.25,Nonbreeding
2017,PC-03,HUVI,1,0.25,Nonbreeding
2017,PC-03,NONE,0,0,Nonbreeding
2017,PC-03,OCWA,2,0.5,Nonbreeding
2017,PC-03,SOSP,1,0.25,Nonbreeding
2017,PC-03,UNHU,1,0.25,Nonbreeding
2017,PC-03,UNSP,1,0.25,Nonbreeding
2017,PC-03,YRWA,4,1,Nonbreeding
2017,PC-04,ANHU,3,0.75,Nonbreeding
2017,PC-04,BEWR,2,0.5,Nonbreeding
2017,PC-04,BGGN,2,0.5,Nonbreeding
2017,PC-04,BRBL,1,0.25,Nonbreeding
2017,PC-04,CASJ,5,1.25,Nonbreeding
2017,PC-04,CATH,1,0.25,Nonbreeding
2017,PC-04,COYE,2,0.5,Nonbreeding
2017,PC-04,ECDO,2,0.5,Nonbreeding
2017,PC-04,HAWO,1,0.25,Nonbreeding
2017,PC-04,HETH,2,0.5,Nonbreeding
2017,PC-04,HOFI,2,0.5,Nonbreeding
2017,PC-04,HUVI,1,0.25,Nonbreeding
2017,PC-04,LISP,1,0.25,Nonbreeding
2017,PC-04,NUWO,1,0.25,Nonbreeding
2017,PC-04,RCKI,1,0.25,Nonbreeding
2017,PC-04,RTHA,1,0.25,Nonbreeding
2017,PC-04,SPTO,2,0.5,Nonbreeding
2017,PC-04,WREN,2,0.5,Nonbreeding
2017,PC-04,YRWA,19,4.75,Nonbreeding
2017,PC-05,ANHU,1,0.25,Nonbreeding
2017,PC-05,BEWR,1,0.25,Nonbreeding
2017,PC-05,CASJ,2,0.5,Nonbreeding
2017,PC-05,CORA,4,1,Nonbreeding
2017,PC-05,COYE,4,1,Nonbreeding
2017,PC-05,HAWO,1,0.25,Nonbreeding
2017,PC-05,HETH,1,0.25,Nonbreeding
2017,PC-05,HOWR,2,0.5,Nonbreeding
2017,PC-05,KILL,1,0.25,Nonbreeding
2017,PC-05,LEGO,1,0.25,Nonbreeding
2017,PC-05,NUWO,1,0.25,Nonbreeding
2017,PC-05,PUFI,5,1.25,Nonbreeding
2017,PC-05,RCKI,2,0.5,Nonbreeding
2017,PC-05,SOSP,2,0.5,Nonbreeding
2017,PC-05,SPTO,1,0.25,Nonbreeding
2017,PC-05,WREN,1,0.25,Nonbreeding
2017,PC-05,YRWA,11,2.75,Nonbreeding
2017,PC-06,BEWR,2,0.5,Nonbreeding
2017,PC-06,BUSH,3,0.75,Nonbreeding
2017,PC-06,HETH,1,0.25,Nonbreeding
2017,PC-06,HUVI,1,0.25,Nonbreeding
2017,PC-06,NUWO,1,0.25,Nonbreeding
2017,PC-06,OATI,1,0.25,Nonbreeding
2017,PC-06,RCKI,2,0.5,Nonbreeding
2017,PC-06,RWBL,1,0.25,Nonbreeding
2017,PC-06,SOSP,3,0.75,Nonbreeding
2017,PC-06,YRWA,9,2.25,Nonbreeding
2017,PC-07,ACWO,1,0.25,Nonbreeding
2017,PC-07,AMRO,2,0.5,Nonbreeding
2017,PC-07,BEWR,1,0.25,Nonbreeding
2017,PC-07,BGGN,2,0.5,Nonbreeding
2017,PC-07,BRBL,1,0.25,Nonbreeding
2017,PC-07,BUSH,6,1.5,Nonbreeding
2017,PC-07,CAQU,2,0.5,Nonbreeding
2017,PC-07,CASJ,1,0.25,Nonbreeding
2017,PC-07,CATH,1,0.25,Nonbreeding
2017,PC-07,COHA,1,0.25,Nonbreeding
2017,PC-07,COYE,5,1.25,Nonbreeding
2017,PC-07,DOWO,1,0.25,Nonbreeding
2017,PC-07,HOFI,4,1,Nonbreeding
2017,PC-07,MODO,3,0.75,Nonbreeding
2017,PC-07,NOFL,1,0.25,Nonbreeding
2017,PC-07,NOMO,1,0.25,Nonbreeding
2017,PC-07,OATI,2,0.5,Nonbreeding
2017,PC-07,RCKI,3,0.75,Nonbreeding
2017,PC-07,SOSP,1,0.25,Nonbreeding
2017,PC-07,SPTO,2,0.5,Nonbreeding
2017,PC-07,WREN,1,0.25,Nonbreeding
2017,PC-07,YRWA,15,3.75,Nonbreeding
2017,PC-08,AMGO,1,0.25,Nonbreeding
2017,PC-08,AMRO,1,0.25,Nonbreeding
2017,PC-08,ANHU,1,0.25,Nonbreeding
2017,PC-08,BEWR,3,0.75,Nonbreeding
2017,PC-08,BGGN,1,0.25,Nonbreeding
2017,PC-08,BLPH,1,0.25,Nonbreeding
2017,PC-08,CASJ,2,0.5,Nonbreeding
2017,PC-08,CATH,1,0.25,Nonbreeding
2017,PC-08,GCSP,1,0.25,Nonbreeding
2017,PC-08,HUVI,1,0.25,Nonbreeding
2017,PC-08,LEGO,3,0.75,Nonbreeding
2017,PC-08,NUWO,2,0.5,Nonbreeding
2017,PC-08,RCKI,1,0.25,Nonbreeding
2017,PC-08,WCSP,1,0.25,Nonbreeding
2017,PC-08,WEBL,1,0.25,Nonbreeding
2017,PC-08,YRWA,7,1.75,Nonbreeding
2017,PC-09,BEWR,3,0.75,Nonbreeding
2017,PC-09,COYE,1,0.25,Nonbreeding
2017,PC-09,HETH,2,0.5,Nonbreeding
2017,PC-09,HOFI,1,0.25,Nonbreeding
2017,PC-09,LEGO,2,0.5,Nonbreeding
2017,PC-09,NOFL,1,0.25,Nonbreeding
2017,PC-09,RCKI,3,0.75,Nonbreeding
2017,PC-09,SOSP,1,0.25,Nonbreeding
2017,PC-09,WCSP,1,0.25,Nonbreeding
2017,PC-09,YRWA,6,1.5,Nonbreeding
2017,PC-10,ANHU,1,0.25,Nonbreeding
2017,PC-10,BEWR,1,0.25,Nonbreeding
2017,PC-10,HAWO,1,0.25,Nonbreeding
2017,PC-10,HOFI,1,0.25,Nonbreeding
2017,PC-10,NONE,0,0,Nonbreeding
2017,PC-10,RCKI,1,0.25,Nonbreeding
2017,PC-10,RWBL,2,0.5,Nonbreeding
2017,PC-10,SOSP,1,0.25,Nonbreeding
2017,PC-10,SPTO,1,0.25,Nonbreeding
2017,PC-10,WCSP,1,0.25,Nonbreeding
2017,PC-10,YRWA,4,1,Nonbreeding
2017,PC-11,BEWR,1,0.25,Nonbreeding
2017,PC-11,BUSH,4,1,Nonbreeding
2017,PC-11,CASJ,1,0.25,Nonbreeding
2017,PC-11,HETH,1,0.25,Nonbreeding
2017,PC-11,HOFI,1,0.25,Nonbreeding
2017,PC-11,LAGO,3,0.75,Nonbreeding
2017,PC-11,NOFL,1,0.25,Nonbreeding
2017,PC-11,OATI,1,0.25,Nonbreeding
2017,PC-11,RCKI,1,0.25,Nonbreeding
2017,PC-11,SOSP,1,0.25,Nonbreeding
2017,PC-11,WCSP,1,0.25,Nonbreeding
2017,PC-11,YRWA,1,0.25,Nonbreeding
2017,PC-12,AMGO,1,0.25,Nonbreeding
2017,PC-12,ANHU,1,0.25,Nonbreeding
2017,PC-12,BEWR,1,0.25,Nonbreeding
2017,PC-12,COYE,1,0.25,Nonbreeding
2017,PC-12,DOWO,1,0.25,Nonbreeding
2017,PC-12,HAWO,1,0.25,Nonbreeding
2017,PC-12,HUVI,1,0.25,Nonbreeding
2017,PC-12,LEGO,1,0.25,Nonbreeding
2017,PC-12,MODO,1,0.25,Nonbreeding
2017,PC-12,OCWA,1,0.25,Nonbreeding
2017,PC-12,RCKI,2,0.5,Nonbreeding
2017,PC-12,SOSP,1,0.25,Nonbreeding
2017,PC-12,WREN,2,0.5,Nonbreeding
2017,PC-12,YRWA,6,1.5,Nonbreeding
2017,PC-13,AMGO,1,0.25,Nonbreeding
2017,PC-13,BEWR,1,0.25,Nonbreeding
2017,PC-13,BGGN,1,0.25,Nonbreeding
2017,PC-13,BLPH,2,0.5,Nonbreeding
2017,PC-13,BUSH,4,1,Nonbreeding
2017,PC-13,CALT,1,0.25,Nonbreeding
2017,PC-13,CAQU,1,0.25,Nonbreeding
2017,PC-13,COYE,1,0.25,Nonbreeding
2017,PC-13,HAWO,1,0.25,Nonbreeding
2017,PC-13,HETH,2,0.5,Nonbreeding
2017,PC-13,HOWR,2,0.5,Nonbreeding
2017,PC-13,NOFL,2,0.5,Nonbreeding
2017,PC-13,NUWO,1,0.25,Nonbreeding
2017,PC-13,RCKI,1,0.25,Nonbreeding
2017,PC-13,SOSP,2,0.5,Nonbreeding
2017,PC-13,UNSP,2,0.5,Nonbreeding
2017,PC-13,WCSP,1,0.25,Nonbreeding
2017,PC-13,WEBL,4,1,Nonbreeding
2017,PC-13,YRWA,2,0.5,Nonbreeding
2017,PC-14,AMGO,2,0.5,Nonbreeding
2017,PC-14,ANHU,1,0.25,Nonbreeding
2017,PC-14,BEWR,6,1.5,Nonbreeding
2017,PC-14,BLPH,2,0.5,Nonbreeding
2017,PC-14,BRBL,2,0.5,Nonbreeding
2017,PC-14,CAQU,3,0.75,Nonbreeding
2017,PC-14,COYE,1,0.25,Nonbreeding
2017,PC-14,HAWO,1,0.25,Nonbreeding
2017,PC-14,HOFI,1,0.25,Nonbreeding
2017,PC-14,LEGO,1,0.25,Nonbreeding
2017,PC-14,NOFL,1,0.25,Nonbreeding
2017,PC-14,NUWO,1,0.25,Nonbreeding
2017,PC-14,SOSP,5,1.25,Nonbreeding
2017,PC-14,WCSP,2,0.5,Nonbreeding
2017,PC-14,WREN,1,0.25,Nonbreeding
2017,PC-14,YRWA,4,1,Nonbreeding
2017,PC-15,ANHU,1,0.25,Nonbreeding
2017,PC-15,BEWR,2,0.5,Nonbreeding
2017,PC-15,BGGN,2,0.5,Nonbreeding
2017,PC-15,BLPH,1,0.25,Nonbreeding
2017,PC-15,GCSP,3,0.75,Nonbreeding
2017,PC-15,HAWO,1,0.25,Nonbreeding
2017,PC-15,HOFI,9,2.25,Nonbreeding
2017,PC-15,LEGO,2,0.5,Nonbreeding
2017,PC-15,NUWO,2,0.5,Nonbreeding
2017,PC-15,RCKI,1,0.25,Nonbreeding
2017,PC-15,WCSP,2,0.5,Nonbreeding
2017,PC-15,WEBL,1,0.25,Nonbreeding
2017,PC-15,WREN,1,0.25,Nonbreeding
2017,PC-15,YRWA,6,1.5,Nonbreeding
2018,PC-01,ANHU,1,0.25,Nonbreeding
2018,PC-01,BEWR,4,1,Nonbreeding
2018,PC-01,BLPH,1,0.25,Nonbreeding
2018,PC-01,CALT,1,0.25,Nonbreeding
2018,PC-01,HAWO,1,0.25,Nonbreeding
2018,PC-01,HOFI,1,0.25,Nonbreeding
2018,PC-01,HUVI,1,0.25,Nonbreeding
2018,PC-01,RTHA,2,0.5,Nonbreeding
2018,PC-01,RWBL,1,0.25,Nonbreeding
2018,PC-01,WREN,1,0.25,Nonbreeding
2018,PC-01,YRWA,14,3.5,Nonbreeding
2018,PC-02,ANHU,2,0.5,Nonbreeding
2018,PC-02,BEWR,3,0.75,Nonbreeding
2018,PC-02,BGGN,3,0.75,Nonbreeding
2018,PC-02,BUSH,3,0.75,Nonbreeding
2018,PC-02,HOFI,2,0.5,Nonbreeding
2018,PC-02,HUVI,1,0.25,Nonbreeding
2018,PC-02,NOFL,1,0.25,Nonbreeding
2018,PC-02,NUWO,1,0.25,Nonbreeding
2018,PC-02,OATI,1,0.25,Nonbreeding
2018,PC-02,RCKI,3,0.75,Nonbreeding
2018,PC-02,YRWA,34,8.5,Nonbreeding
2018,PC-03,AMGO,1,0.25,Nonbreeding
2018,PC-03,HAWO,2,0.5,Nonbreeding
2018,PC-03,NUWO,1,0.25,Nonbreeding
2018,PC-03,OATI,1,0.25,Nonbreeding
2018,PC-03,OCWA,1,0.25,Nonbreeding
2018,PC-03,RCKI,1,0.25,Nonbreeding
2018,PC-03,SOSP,1,0.25,Nonbreeding
2018,PC-03,YRWA,7,1.75,Nonbreeding
2018,PC-04,ANHU,4,1,Nonbreeding
2018,PC-04,BEWR,3,0.75,Nonbreeding
2018,PC-04,BGGN,2,0.5,Nonbreeding
2018,PC-04,BLPH,2,0.5,Nonbreeding
2018,PC-04,BUSH,2,0.5,Nonbreeding
2018,PC-04,COYE,1,0.25,Nonbreeding
2018,PC-04,DOWO,1,0.25,Nonbreeding
2018,PC-04,HAWO,2,0.5,Nonbreeding
2018,PC-04,HETH,1,0.25,Nonbreeding
2018,PC-04,LEGO,2,0.5,Nonbreeding
2018,PC-04,NOFL,3,0.75,Nonbreeding
2018,PC-04,NUWO,1,0.25,Nonbreeding
2018,PC-04,RCKI,1,0.25,Nonbreeding
2018,PC-04,ROPI,1,0.25,Nonbreeding
2018,PC-04,RSHA,3,0.75,Nonbreeding
2018,PC-04,RWBL,1,0.25,Nonbreeding
2018,PC-04,SOSP,4,1,Nonbreeding
2018,PC-04,SPTO,1,0.25,Nonbreeding
2018,PC-04,WREN,2,0.5,Nonbreeding
2018,PC-04,YRWA,39,9.75,Nonbreeding
2018,PC-05,AMGO,1,0.25,Nonbreeding
2018,PC-05,AMRO,12,3,Nonbreeding
2018,PC-05,BEWR,5,1.25,Nonbreeding
2018,PC-05,BGGN,2,0.5,Nonbreeding
2018,PC-05,BUSH,12,3,Nonbreeding
2018,PC-05,CASJ,5,1.25,Nonbreeding
2018,PC-05,COYE,4,1,Nonbreeding
2018,PC-05,DOWO,2,0.5,Nonbreeding
2018,PC-05,HAWO,3,0.75,Nonbreeding
2018,PC-05,HOFI,1,0.25,Nonbreeding
2018,PC-05,HUVI,2,0.5,Nonbreeding
2018,PC-05,LEGO,1,0.25,Nonbreeding
2018,PC-05,NUWO,2,0.5,Nonbreeding
2018,PC-05,OCWA,1,0.25,Nonbreeding
2018,PC-05,RCKI,3,0.75,Nonbreeding
2018,PC-05,SOSP,1,0.25,Nonbreeding
2018,PC-05,WBNU,1,0.25,Nonbreeding
2018,PC-05,WEBL,5,1.25,Nonbreeding
2018,PC-05,YRWA,8,2,Nonbreeding
2018,PC-06,AMGO,1,0.25,Nonbreeding
2018,PC-06,ANHU,2,0.5,Nonbreeding
2018,PC-06,BEWR,2,0.5,Nonbreeding
2018,PC-06,BGGN,1,0.25,Nonbreeding
2018,PC-06,BUSH,22,5.5,Nonbreeding
2018,PC-06,CALT,1,0.25,Nonbreeding
2018,PC-06,COYE,2,0.5,Nonbreeding
2018,PC-06,DOWO,1,0.25,Nonbreeding
2018,PC-06,HAWO,1,0.25,Nonbreeding
2018,PC-06,HETH,1,0.25,Nonbreeding
2018,PC-06,HOFI,4,1,Nonbreeding
2018,PC-06,LEGO,2,0.5,Nonbreeding
2018,PC-06,NOFL,2,0.5,Nonbreeding
2018,PC-06,OATI,1,0.25,Nonbreeding
2018,PC-06,RCKI,3,0.75,Nonbreeding
2018,PC-06,UNBL,1,0.25,Nonbreeding
2018,PC-06,UNHU,1,0.25,Nonbreeding
2018,PC-06,WBNU,1,0.25,Nonbreeding
2018,PC-06,WCSP,3,0.75,Nonbreeding
2018,PC-06,WEBL,1,0.25,Nonbreeding
2018,PC-06,YRWA,12,3,Nonbreeding
2018,PC-07,AMGO,1,0.25,Nonbreeding
2018,PC-07,AMRO,10,2.5,Nonbreeding
2018,PC-07,ANHU,1,0.25,Nonbreeding
2018,PC-07,BEWR,1,0.25,Nonbreeding
2018,PC-07,BGGN,1,0.25,Nonbreeding
2018,PC-07,CASJ,2,0.5,Nonbreeding
2018,PC-07,CATH,1,0.25,Nonbreeding
2018,PC-07,COYE,1,0.25,Nonbreeding
2018,PC-07,DOWO,1,0.25,Nonbreeding
2018,PC-07,HAWO,1,0.25,Nonbreeding
2018,PC-07,HETH,1,0.25,Nonbreeding
2018,PC-07,HUVI,1,0.25,Nonbreeding
2018,PC-07,NOFL,1,0.25,Nonbreeding
2018,PC-07,RCKI,1,0.25,Nonbreeding
2018,PC-07,SOSP,2,0.5,Nonbreeding
2018,PC-07,SPTO,2,0.5,Nonbreeding
2018,PC-07,SWTH,1,0.25,Nonbreeding
2018,PC-07,WREN,1,0.25,Nonbreeding
2018,PC-07,YBCH,1,0.25,Nonbreeding
2018,PC-07,YRWA,4,1,Nonbreeding
2018,PC-08,AMGO,2,0.5,Nonbreeding
2018,PC-08,BEWR,3,0.75,Nonbreeding
2018,PC-08,BLPH,1,0.25,Nonbreeding
2018,PC-08,CASJ,1,0.25,Nonbreeding
2018,PC-08,DOWO,1,0.25,Nonbreeding
2018,PC-08,HAWO,2,0.5,Nonbreeding
2018,PC-08,HOFI,4,1,Nonbreeding
2018,PC-08,HOWR,1,0.25,Nonbreeding
2018,PC-08,LEGO,1,0.25,Nonbreeding
2018,PC-08,MODO,1,0.25,Nonbreeding
2018,PC-08,RCKI,2,0.5,Nonbreeding
2018,PC-08,WCSP,2,0.5,Nonbreeding
2018,PC-08,WREN,1,0.25,Nonbreeding
2018,PC-08,YRWA,21,5.25,Nonbreeding
2018,PC-09,AMCR,1,0.25,Nonbreeding
2018,PC-09,AMGO,1,0.25,Nonbreeding
2018,PC-09,BEWR,2,0.5,Nonbreeding
2018,PC-09,BTYW,1,0.25,Nonbreeding
2018,PC-09,CASJ,1,0.25,Nonbreeding
2018,PC-09,COYE,1,0.25,Nonbreeding
2018,PC-09,HAWO,2,0.5,Nonbreeding
2018,PC-09,HOFI,1,0.25,Nonbreeding
2018,PC-09,HUVI,2,0.5,Nonbreeding
2018,PC-09,LAGO,3,0.75,Nonbreeding
2018,PC-09,NUWO,1,0.25,Nonbreeding
2018,PC-09,OATI,1,0.25,Nonbreeding
2018,PC-09,OCWA,1,0.25,Nonbreeding
2018,PC-09,RCKI,4,1,Nonbreeding
2018,PC-09,SOSP,4,1,Nonbreeding
2018,PC-09,SPTO,1,0.25,Nonbreeding
2018,PC-09,TOWA,1,0.25,Nonbreeding
2018,PC-09,YEWA,1,0.25,Nonbreeding
2018,PC-09,YRWA,4,1,Nonbreeding
2018,PC-10,AMGO,2,0.5,Nonbreeding
2018,PC-10,ANHU,3,0.75,Nonbreeding
2018,PC-10,BCHU,1,0.25,Nonbreeding
2018,PC-10,BEWR,1,0.25,Nonbreeding
2018,PC-10,BTYW,1,0.25,Nonbreeding
2018,PC-10,CATH,1,0.25,Nonbreeding
2018,PC-10,HOFI,1,0.25,Nonbreeding
2018,PC-10,NOFL,1,0.25,Nonbreeding
2018,PC-10,RCKI,1,0.25,Nonbreeding
2018,PC-10,SOSP,1,0.25,Nonbreeding
2018,PC-10,UNHU,1,0.25,Nonbreeding
2018,PC-10,WCSP,1,0.25,Nonbreeding
2018,PC-10,WEBL,1,0.25,Nonbreeding
2018,PC-10,YRWA,5,1.25,Nonbreeding
2018,PC-11,ANHU,1,0.25,Nonbreeding
2018,PC-11,BEWR,1,0.25,Nonbreeding
2018,PC-11,CORA,1,0.25,Nonbreeding
2018,PC-11,LEGO,5,1.25,Nonbreeding
2018,PC-11,YRWA,2,0.5,Nonbreeding
2018,PC-12,AMGO,5,1.25,Nonbreeding
2018,PC-12,AMRO,1,0.25,Nonbreeding
2018,PC-12,ANHU,1,0.25,Nonbreeding
2018,PC-12,BEWR,2,0.5,Nonbreeding
2018,PC-12,BGGN,3,0.75,Nonbreeding
2018,PC-12,BLPH,2,0.5,Nonbreeding
2018,PC-12,HAWO,3,0.75,Nonbreeding
2018,PC-12,HETH,1,0.25,Nonbreeding
2018,PC-12,LEGO,1,0.25,Nonbreeding
2018,PC-12,NOFL,1,0.25,Nonbreeding
2018,PC-12,NUWO,1,0.25,Nonbreeding
2018,PC-12,OATI,1,0.25,Nonbreeding
2018,PC-12,RCKI,2,0.5,Nonbreeding
2018,PC-12,SOSP,1,0.25,Nonbreeding
2018,PC-12,SPTO,1,0.25,Nonbreeding
2018,PC-12,WBNU,1,0.25,Nonbreeding
2018,PC-12,YRWA,5,1.25,Nonbreeding
2018,PC-13,AMCR,2,0.5,Nonbreeding
2018,PC-13,BEWR,4,1,Nonbreeding
2018,PC-13,BUSH,1,0.25,Nonbreeding
2018,PC-13,CASJ,1,0.25,Nonbreeding
2018,PC-13,CAVI,1,0.25,Nonbreeding
2018,PC-13,DOWO,1,0.25,Nonbreeding
2018,PC-13,HETH,1,0.25,Nonbreeding
2018,PC-13,HOWR,1,0.25,Nonbreeding
2018,PC-13,RCKI,5,1.25,Nonbreeding
2018,PC-13,WAVI,1,0.25,Nonbreeding
2018,PC-13,WEBL,1,0.25,Nonbreeding
2018,PC-13,WREN,3,0.75,Nonbreeding
2018,PC-13,YEWA,1,0.25,Nonbreeding
2018,PC-13,YRWA,5,1.25,Nonbreeding
2018,PC-14,AMGO,1,0.25,Nonbreeding
2018,PC-14,AMRO,2,0.5,Nonbreeding
2018,PC-14,ANHU,2,0.5,Nonbreeding
2018,PC-14,BEWR,1,0.25,Nonbreeding
2018,PC-14,BGGN,1,0.25,Nonbreeding
2018,PC-14,BUSH,1,0.25,Nonbreeding
2018,PC-14,CALT,1,0.25,Nonbreeding
2018,PC-14,CASJ,3,0.75,Nonbreeding
2018,PC-14,CATH,1,0.25,Nonbreeding
2018,PC-14,COHA,1,0.25,Nonbreeding
2018,PC-14,CORA,2,0.5,Nonbreeding
2018,PC-14,COYE,1,0.25,Nonbreeding
2018,PC-14,HAWO,1,0.25,Nonbreeding
2018,PC-14,HOFI,2,0.5,Nonbreeding
2018,PC-14,NOFL,1,0.25,Nonbreeding
2018,PC-14,NUWO,2,0.5,Nonbreeding
2018,PC-14,RCKI,2,0.5,Nonbreeding
2018,PC-14,SAVS,2,0.5,Nonbreeding
2018,PC-14,SOSP,6,1.5,Nonbreeding
2018,PC-14,YRWA,6,1.5,Nonbreeding
2018,PC-15,AMGO,1,0.25,Nonbreeding
2018,PC-15,BEWR,2,0.5,Nonbreeding
2018,PC-15,BGGN,6,1.5,Nonbreeding
2018,PC-15,BLGR,1,0.25,Nonbreeding
2018,PC-15,BLPH,2,0.5,Nonbreeding
2018,PC-15,BRBL,1,0.25,Nonbreeding
2018,PC-15,BUSH,19,4.75,Nonbreeding
2018,PC-15,CAQU,1,0.25,Nonbreeding
2018,PC-15,CASJ,1,0.25,Nonbreeding
2018,PC-15,COYE,3,0.75,Nonbreeding
2018,PC-15,HAWO,2,0.5,Nonbreeding
2018,PC-15,HOFI,1,0.25,Nonbreeding
2018,PC-15,HUVI,2,0.5,Nonbreeding
2018,PC-15,NUWO,1,0.25,Nonbreeding
2018,PC-15,OATI,1,0.25,Nonbreeding
2018,PC-15,RCKI,2,0.5,Nonbreeding
2018,PC-15,SOSP,4,1,Nonbreeding
2018,PC-15,WCSP,2,0.5,Nonbreeding
2018,PC-15,WEBL,1,0.25,Nonbreeding
2018,PC-15,YRWA,10,2.5,Nonbreeding
2019,PC-01,AMCR,1,0.25,Nonbreeding
2019,PC-01,BEWR,2,0.5,Nonbreeding
2019,PC-01,BLPH,1,0.25,Nonbreeding
2019,PC-01,CORA,1,0.25,Nonbreeding
2019,PC-01,COYE,1,0.25,Nonbreeding
2019,PC-01,DEJU,1,0.25,Nonbreeding
2019,PC-01,HAWO,3,0.75,Nonbreeding
2019,PC-01,HETH,1,0.25,Nonbreeding
2019,PC-01,HOFI,1,0.25,Nonbreeding
2019,PC-01,HUVI,2,0.5,Nonbreeding
2019,PC-01,LEGO,1,0.25,Nonbreeding
2019,PC-01,NOFL,2,0.5,Nonbreeding
2019,PC-01,SOSP,1,0.25,Nonbreeding
2019,PC-01,WREN,1,0.25,Nonbreeding
2019,PC-01,YRWA,15,3.75,Nonbreeding
2019,PC-02,AMGO,1,0.25,Nonbreeding
2019,PC-02,ANHU,3,0.75,Nonbreeding
2019,PC-02,BEWR,5,1.25,Nonbreeding
2019,PC-02,BGGN,5,1.25,Nonbreeding
2019,PC-02,BLPH,2,0.5,Nonbreeding
2019,PC-02,BTPI,22,5.5,Nonbreeding
2019,PC-02,CALT,2,0.5,Nonbreeding
2019,PC-02,CASJ,1,0.25,Nonbreeding
2019,PC-02,COYE,1,0.25,Nonbreeding
2019,PC-02,HAWO,2,0.5,Nonbreeding
2019,PC-02,HOFI,2,0.5,Nonbreeding
2019,PC-02,HOWR,3,0.75,Nonbreeding
2019,PC-02,LEGO,2,0.5,Nonbreeding
2019,PC-02,NOFL,1,0.25,Nonbreeding
2019,PC-02,NUWO,1,0.25,Nonbreeding
2019,PC-02,RCKI,5,1.25,Nonbreeding
2019,PC-02,WCSP,2,0.5,Nonbreeding
2019,PC-02,WREN,1,0.25,Nonbreeding
2019,PC-02,YRWA,35,8.75,Nonbreeding
2019,PC-03,AMRO,1,0.25,Nonbreeding
2019,PC-03,BEWR,1,0.25,Nonbreeding
2019,PC-03,COYE,1,0.25,Nonbreeding
2019,PC-03,DOWO,2,0.5,Nonbreeding
2019,PC-03,HAWO,1,0.25,Nonbreeding
2019,PC-03,LEGO,2,0.5,Nonbreeding
2019,PC-03,NUWO,1,0.25,Nonbreeding
2019,PC-03,RCKI,6,1.5,Nonbreeding
2019,PC-03,SOSP,1,0.25,Nonbreeding
2019,PC-03,YRWA,5,1.25,Nonbreeding
2019,PC-04,AMCR,1,0.25,Nonbreeding
2019,PC-04,ANHU,3,0.75,Nonbreeding
2019,PC-04,BEWR,3,0.75,Nonbreeding
2019,PC-04,BGGN,1,0.25,Nonbreeding
2019,PC-04,BLPH,2,0.5,Nonbreeding
2019,PC-04,COHA,1,0.25,Nonbreeding
2019,PC-04,CORA,1,0.25,Nonbreeding
2019,PC-04,COYE,2,0.5,Nonbreeding
2019,PC-04,DOWO,1,0.25,Nonbreeding
2019,PC-04,HAWO,2,0.5,Nonbreeding
2019,PC-04,HETH,3,0.75,Nonbreeding
2019,PC-04,NOFL,1,0.25,Nonbreeding
2019,PC-04,OATI,1,0.25,Nonbreeding
2019,PC-04,RCKI,4,1,Nonbreeding
2019,PC-04,SOSP,3,0.75,Nonbreeding
2019,PC-04,SPTO,1,0.25,Nonbreeding
2019,PC-04,UNWO,1,0.25,Nonbreeding
2019,PC-04,WREN,1,0.25,Nonbreeding
2019,PC-04,YRWA,18,4.5,Nonbreeding
2019,PC-05,AMGO,2,0.5,Nonbreeding
2019,PC-05,ANHU,1,0.25,Nonbreeding
2019,PC-05,BEWR,5,1.25,Nonbreeding
2019,PC-05,BUSH,10,2.5,Nonbreeding
2019,PC-05,CASJ,2,0.5,Nonbreeding
2019,PC-05,COYE,2,0.5,Nonbreeding
2019,PC-05,HAWO,1,0.25,Nonbreeding
2019,PC-05,HETH,1,0.25,Nonbreeding
2019,PC-05,HUVI,1,0.25,Nonbreeding
2019,PC-05,NOFL,1,0.25,Nonbreeding
2019,PC-05,NUWO,2,0.5,Nonbreeding
2019,PC-05,OATI,2,0.5,Nonbreeding
2019,PC-05,OCWA,1,0.25,Nonbreeding
2019,PC-05,PUFI,1,0.25,Nonbreeding
2019,PC-05,RCKI,4,1,Nonbreeding
2019,PC-05,SOSP,2,0.5,Nonbreeding
2019,PC-05,UNSP,1,0.25,Nonbreeding
2019,PC-05,WCSP,1,0.25,Nonbreeding
2019,PC-05,WREN,3,0.75,Nonbreeding
2019,PC-05,YRWA,8,2,Nonbreeding
2019,PC-06,AMGO,1,0.25,Nonbreeding
2019,PC-06,ANHU,1,0.25,Nonbreeding
2019,PC-06,BEWR,3,0.75,Nonbreeding
2019,PC-06,BRBL,1,0.25,Nonbreeding
2019,PC-06,BUSH,2,0.5,Nonbreeding
2019,PC-06,CALT,1,0.25,Nonbreeding
2019,PC-06,CATH,1,0.25,Nonbreeding
2019,PC-06,COYE,3,0.75,Nonbreeding
2019,PC-06,HAWO,2,0.5,Nonbreeding
2019,PC-06,HOFI,1,0.25,Nonbreeding
2019,PC-06,HUVI,3,0.75,Nonbreeding
2019,PC-06,NOFL,1,0.25,Nonbreeding
2019,PC-06,NUWO,3,0.75,Nonbreeding
2019,PC-06,RCKI,4,1,Nonbreeding
2019,PC-06,RSHA,1,0.25,Nonbreeding
2019,PC-06,SOSP,2,0.5,Nonbreeding
2019,PC-06,UNHU,1,0.25,Nonbreeding
2019,PC-06,YRWA,4,1,Nonbreeding
2019,PC-07,AMGO,1,0.25,Nonbreeding
2019,PC-07,ANHU,2,0.5,Nonbreeding
2019,PC-07,BEWR,1,0.25,Nonbreeding
2019,PC-07,BGGN,1,0.25,Nonbreeding
2019,PC-07,BUSH,3,0.75,Nonbreeding
2019,PC-07,CASJ,1,0.25,Nonbreeding
2019,PC-07,CATH,1,0.25,Nonbreeding
2019,PC-07,COYE,11,2.75,Nonbreeding
2019,PC-07,DOWO,1,0.25,Nonbreeding
2019,PC-07,HAWO,1,0.25,Nonbreeding
2019,PC-07,NUWO,1,0.25,Nonbreeding
2019,PC-07,OATI,1,0.25,Nonbreeding
2019,PC-07,PUFI,1,0.25,Nonbreeding
2019,PC-07,RCKI,3,0.75,Nonbreeding
2019,PC-07,SORA,1,0.25,Nonbreeding
2019,PC-07,SOSP,2,0.5,Nonbreeding
2019,PC-07,UNRA,1,0.25,Nonbreeding
2019,PC-07,VIRA,1,0.25,Nonbreeding
2019,PC-07,WREN,2,0.5,Nonbreeding
2019,PC-07,YRWA,9,2.25,Nonbreeding
2019,PC-08,AMRO,20,5,Nonbreeding
2019,PC-08,ANHU,1,0.25,Nonbreeding
2019,PC-08,BEWR,3,0.75,Nonbreeding
2019,PC-08,BGGN,3,0.75,Nonbreeding
2019,PC-08,BUSH,1,0.25,Nonbreeding
2019,PC-08,CASJ,1,0.25,Nonbreeding
2019,PC-08,CEDW,17,4.25,Nonbreeding
2019,PC-08,COHA,1,0.25,Nonbreeding
2019,PC-08,DOWO,1,0.25,Nonbreeding
2019,PC-08,HAWO,3,0.75,Nonbreeding
2019,PC-08,HETH,3,0.75,Nonbreeding
2019,PC-08,HOFI,1,0.25,Nonbreeding
2019,PC-08,NUWO,2,0.5,Nonbreeding
2019,PC-08,RCKI,4,1,Nonbreeding
2019,PC-08,RTHA,1,0.25,Nonbreeding
2019,PC-08,WCSP,2,0.5,Nonbreeding
2019,PC-08,YRWA,7,1.75,Nonbreeding
2019,PC-09,BEWR,1,0.25,Nonbreeding
2019,PC-09,BGGN,2,0.5,Nonbreeding
2019,PC-09,COYE,4,1,Nonbreeding
2019,PC-09,HAWO,2,0.5,Nonbreeding
2019,PC-09,HETH,3,0.75,Nonbreeding
2019,PC-09,HOWR,1,0.25,Nonbreeding
2019,PC-09,HUVI,2,0.5,Nonbreeding
2019,PC-09,LISP,1,0.25,Nonbreeding
2019,PC-09,NUWO,1,0.25,Nonbreeding
2019,PC-09,OATI,1,0.25,Nonbreeding
2019,PC-09,RCKI,5,1.25,Nonbreeding
2019,PC-09,SOSP,7,1.75,Nonbreeding
2019,PC-09,SPTO,1,0.25,Nonbreeding
2019,PC-09,SSHA,1,0.25,Nonbreeding
2019,PC-09,WIWA,1,0.25,Nonbreeding
2019,PC-09,WREN,3,0.75,Nonbreeding
2019,PC-09,YRWA,2,0.5,Nonbreeding
2019,PC-10,BEWR,2,0.5,Nonbreeding
2019,PC-10,BGGN,2,0.5,Nonbreeding
2019,PC-10,BLPH,1,0.25,Nonbreeding
2019,PC-10,CATH,1,0.25,Nonbreeding
2019,PC-10,HAWO,2,0.5,Nonbreeding
2019,PC-10,HETH,1,0.25,Nonbreeding
2019,PC-10,PUFI,1,0.25,Nonbreeding
2019,PC-10,RCKI,1,0.25,Nonbreeding
2019,PC-10,SOSP,3,0.75,Nonbreeding
2019,PC-10,UNHU,1,0.25,Nonbreeding
2019,PC-10,WREN,2,0.5,Nonbreeding
2019,PC-10,YRWA,2,0.5,Nonbreeding
2019,PC-11,ANHU,1,0.25,Nonbreeding
2019,PC-11,BEWR,1,0.25,Nonbreeding
2019,PC-11,BGGN,2,0.5,Nonbreeding
2019,PC-11,BLPH,1,0.25,Nonbreeding
2019,PC-11,COYE,3,0.75,Nonbreeding
2019,PC-11,HOWR,2,0.5,Nonbreeding
2019,PC-11,LISP,2,0.5,Nonbreeding
2019,PC-11,MAWR,1,0.25,Nonbreeding
2019,PC-11,RCKI,3,0.75,Nonbreeding
2019,PC-11,RTHA,1,0.25,Nonbreeding
2019,PC-11,SOSP,1,0.25,Nonbreeding
2019,PC-11,TUVU,1,0.25,Nonbreeding
2019,PC-11,UNHU,1,0.25,Nonbreeding
2019,PC-11,WEBL,2,0.5,Nonbreeding
2019,PC-11,YRWA,5,1.25,Nonbreeding
2019,PC-12,AMGO,2,0.5,Nonbreeding
2019,PC-12,BEWR,6,1.5,Nonbreeding
2019,PC-12,BGGN,4,1,Nonbreeding
2019,PC-12,CATH,1,0.25,Nonbreeding
2019,PC-12,HAWO,2,0.5,Nonbreeding
2019,PC-12,HETH,3,0.75,Nonbreeding
2019,PC-12,HOFI,1,0.25,Nonbreeding
2019,PC-12,HUVI,1,0.25,Nonbreeding
2019,PC-12,LEGO,2,0.5,Nonbreeding
2019,PC-12,NUWO,1,0.25,Nonbreeding
2019,PC-12,OATI,1,0.25,Nonbreeding
2019,PC-12,RCKI,4,1,Nonbreeding
2019,PC-12,RWBL,25,6.25,Nonbreeding
2019,PC-12,SPTO,1,0.25,Nonbreeding
2019,PC-12,UNSP,1,0.25,Nonbreeding
2019,PC-12,WCSP,2,0.5,Nonbreeding
2019,PC-12,WREN,1,0.25,Nonbreeding
2019,PC-12,YRWA,8,2,Nonbreeding
2019,PC-13,AMGO,1,0.25,Nonbreeding
2019,PC-13,BEWR,5,1.25,Nonbreeding
2019,PC-13,BGGN,3,0.75,Nonbreeding
2019,PC-13,BUSH,1,0.25,Nonbreeding
2019,PC-13,DOWO,1,0.25,Nonbreeding
2019,PC-13,HAWO,1,0.25,Nonbreeding
2019,PC-13,LISP,1,0.25,Nonbreeding
2019,PC-13,NOFL,1,0.25,Nonbreeding
2019,PC-13,NUWO,3,0.75,Nonbreeding
2019,PC-13,OATI,2,0.5,Nonbreeding
2019,PC-13,RCKI,5,1.25,Nonbreeding
2019,PC-13,SOSP,3,0.75,Nonbreeding
2019,PC-13,UNHU,1,0.25,Nonbreeding
2019,PC-13,UNWO,1,0.25,Nonbreeding
2019,PC-13,WREN,4,1,Nonbreeding
2019,PC-13,YRWA,4,1,Nonbreeding
2019,PC-14,AMGO,1,0.25,Nonbreeding
2019,PC-14,BGGN,3,0.75,Nonbreeding
2019,PC-14,BLPH,2,0.5,Nonbreeding
2019,PC-14,CALT,2,0.5,Nonbreeding
2019,PC-14,CASJ,2,0.5,Nonbreeding
2019,PC-14,CORA,1,0.25,Nonbreeding
2019,PC-14,COYE,4,1,Nonbreeding
2019,PC-14,HAWO,1,0.25,Nonbreeding
2019,PC-14,HOFI,1,0.25,Nonbreeding
2019,PC-14,HOWR,4,1,Nonbreeding
2019,PC-14,HUVI,1,0.25,Nonbreeding
2019,PC-14,KILL,2,0.5,Nonbreeding
2019,PC-14,NUWO,1,0.25,Nonbreeding
2019,PC-14,RCKI,2,0.5,Nonbreeding
2019,PC-14,RTHA,1,0.25,Nonbreeding
2019,PC-14,SOSP,3,0.75,Nonbreeding
2019,PC-14,WREN,3,0.75,Nonbreeding
2019,PC-14,YRWA,4,1,Nonbreeding
2019,PC-15,AMCR,1,0.25,Nonbreeding
2019,PC-15,AMGO,1,0.25,Nonbreeding
2019,PC-15,AMRO,14,3.5,Nonbreeding
2019,PC-15,BEWR,4,1,Nonbreeding
2019,PC-15,BGGN,3,0.75,Nonbreeding
2019,PC-15,BLPH,1,0.25,Nonbreeding
2019,PC-15,CAQU,3,0.75,Nonbreeding
2019,PC-15,CASJ,2,0.5,Nonbreeding
2019,PC-15,COYE,3,0.75,Nonbreeding
2019,PC-15,DOWO,1,0.25,Nonbreeding
2019,PC-15,EUST,1,0.25,Nonbreeding
2019,PC-15,HETH,3,0.75,Nonbreeding
2019,PC-15,HOFI,2,0.5,Nonbreeding
2019,PC-15,HOWR,4,1,Nonbreeding
2019,PC-15,MODO,4,1,Nonbreeding
2019,PC-15,NOFL,2,0.5,Nonbreeding
2019,PC-15,NUWO,2,0.5,Nonbreeding
2019,PC-15,RCKI,3,0.75,Nonbreeding
2019,PC-15,RTHA,2,0.5,Nonbreeding
2019,PC-15,RWBL,3,0.75,Nonbreeding
2019,PC-15,SPTO,1,0.25,Nonbreeding
2019,PC-15,WCSP,4,1,Nonbreeding
2019,PC-15,WREN,5,1.25,Nonbreeding
2019,PC-15,YRWA,9,2.25,Nonbreeding
